{
    "accuracy": 0.9666666388511658,
    "val_accuracy": 0.8833333253860474,
    "loss": 0.09493564814329147,
    "val_loss": 0.3846108019351959,
    "success_rate": 0.0,
    "rejection_rate": 0.0,
    "total_predictions": 0,
    "successful_predictions": 0,
    "rejected_predictions": 0,
    "confidence": 0.0,
    "training_history": {
        "accuracy": [
            0.9354166388511658,
            0.9479166865348816,
            0.9541666507720947,
            0.956250011920929,
            0.981249988079071,
            0.9479166865348816,
            0.9645833373069763,
            0.9666666388511658
        ],
        "val_accuracy": [
            0.824999988079071,
            0.8666666746139526,
            0.9083333611488342,
            0.8999999761581421,
            0.8999999761581421,
            0.875,
            0.8083333373069763,
            0.8833333253860474
        ],
        "loss": [
            0.20706036686897278,
            0.16573263704776764,
            0.14024585485458374,
            0.12778490781784058,
            0.12064536660909653,
            0.12408554553985596,
            0.1036996841430664,
            0.09493564814329147
        ],
        "val_loss": [
            0.3697279989719391,
            0.4112686812877655,
            0.2644318640232086,
            0.2817014157772064,
            0.29291826486587524,
            0.3308512270450592,
            0.7188217043876648,
            0.3846108019351959
        ]
    }
}